"service","total_patients","avg_age","avg_patient_satisfaction","total_staff","total_admitted","total_refused","avg_service_satisfaction","admission_rate","performance_score"
"ICU","241","44.2157676348547718","79.9211618257261411","48","648","141","81.6153846153846154","82.13","81.92"
"surgery","254","45.5944881889763780","80.3149606299212598","22","1686","555","79.2692307692307692","75.23","76.85"
"general_medicine","242","46.1942148760330579","78.5743801652892562","27","2332","1938","81.2307692307692308","54.61","65.26"
"emergency","263","45.3269961977186312","79.5475285171102662","29","1185","5008","77.8846153846153846","19.13","42.63"
